E,f1,f2,μρpe,μρci,μρtot,μρK,λ
0.00604651,1.28464,0,0,11814e-9,11814e-9,0,205.1
0.006139059,0.180675,0,0,12814e-9,12814e-9,0,202
0.006163738,1.91459,0,0,13092e-9,13092e-9,0,201.2
0.006200758,0.137486,3.402,110470,13516e-9,110470,0,200
0.006293306,1.4089,3.3618,107560,14625e-9,107560,0,197
0.01069,4.97863,2.2826,42995,20606e-8,42995,0,116
0.01142761,4.97869,2.1596,38053,28085e-8,38053,0,108.5
0.01221612,4.91679,2.0341,33528,38084e-8,33528,0,101.5
0.01305903,4.76197,1.9063,29394,51378e-8,29394,0,94.94
0.0139601,4.32198,1.7772,25635,68961e-8,25635,0,88.81
0.01416222,3.93071,1.7493,24872,73427e-8,24872,0,87.55
0.01421916,3.46074,1.7415,24662,74721e-8,24662,0,87.2
0.01430456,3.94974,2.6458,37244,76692e-8,37244,0,86.67
0.01451806,4.3586,2.5748,35711,81782e-8,35711,0,85.4
0.01492335,4.5791,2.448,33031,92094e-8,33031,0,83.08
0.01595306,4.63786,2.1658,27337,0.0012237,27337,0,77.72
0.01705382,4.45056,1.9095,22546,0.0016179,22546,0,72.7
0.01823053,4.09469,1.6789,18544,0.0021284,18544,0,68.01
0.01948844,3.57158,1.4744,15234,0.0027862,15234,0,63.62
0.02083314,2.85179,1.2942,12509,0.0036295,12509,0,59.51
0.02227063,1.84894,1.136,10271,0.0047049,10271,0,55.67
0.0238073,0.279116,0.997,8432.6,0.0060695,8432.6,0,52.08
0.023912,0.127349,0.98848,8323.9,0.0061709,8323.9,0,51.85
0.024278,0.605839,0.95954,7958.4,0.0065344,7958.4,0,51.07
0.0243756,1.10786,0.95204,7864.5,0.0066336,7864.5,0,50.86
0.024522,0.940591,1.7065,14012,0.0067843,14012,0,50.56
0.024888,1.08707,1.8034,14591,0.0071709,14591,0,49.82
0.02545001,1.64041,1.9899,15744,0.0077921,15744,0,48.72
0.02597,2.28637,2.2093,17130,0.0083972,17130,0,47.74
0.0263675,2.93846,2.412,18420,0.0088797,18420,0,47.02
0.0264735,3.27904,2.4718,18801,0.0090114,18801,0,46.83
0.0266325,3.29644,2.9799,22530,0.0092112,22530,0,46.55
0.02703,3.63457,3.3173,24712,0.0097233,24712,0,45.87
0.02720606,3.82014,3.4805,25760,0.0099558,25760,0,45.57
0.02908327,5.89222,5.7491,39804,0.01266,39804,0,42.63
0.03109002,7.62257,9.2212,59723,0.016022,59723,0,39.88
0.03323523,8.35979,13.756,83345,0.020182,83345,0,37.31
0.03552846,7.5755,18.92,107230,0.025304,107230,0,34.9
0.03797993,5.00556,24.015,127320,0.031579,127320,0,32.64
0.04060054,0.772435,28.271,140210,0.039228,140210,0,30.54
0.04340198,4.64125,31.078,144190,0.048507,144190,0,28.57
0.04639671,10.5467,32.139,139480,0.059707,139480,0,26.72
0.04959809,16.248,31.504,127900,0.073162,127900,0,25
0.05302035,21.2033,29.491,112e3,0.089247,112e3,0,23.38
0.05667876,25.1009,26.556,94344,0.10838,94344,0,21.87
0.06058959,27.8531,23.16,76968,0.13104,76968,0,20.46
0.06477028,29.5388,19.688,61207,0.15773,61207,0,19.14
0.06923942,30.3295,16.411,47726,0.18903,47726,0,17.91
0.07401695,30.4572,13.486,36688,0.22556,36688,0,16.75
0.07912411,30.0351,10.98,27942,0.26799,27942,0,15.67
0.08458368,29.2314,8.8954,21176,0.31704,21176,0,14.66
0.09041995,27.816,7.1994,16033,0.37347,16033,0,13.71
0.090944,27.606,7.0692,15652,0.37874,15652,0,13.63
0.092336,26.609,6.7387,14695,0.39286,14695,0,13.43
0.0927072,25.578,6.6542,14453,0.39666,14453,0,13.37
0.093264,26.5515,8.4652,18277,0.4024,18277,0,13.29
0.094656,27.2752,8.0859,17201,0.41688,17201,0,13.1
0.09665893,27.4823,7.5808,15792,0.43809,15792,0,12.83
0.1033284,27.1254,6.1948,12072,0.51173,12073,0,12
0.1104581,26.2374,5.1249,9342.4,0.59527,9343,0,11.22
0.114464,25.4904,4.6628,8202.5,0.64422,8203.1,0,10.83
0.116216,24.796,4.4852,7771.2,0.66607,7771.9,0,10.67
0.1166832,24.1212,4.4401,7662.3,0.67193,7663,0,10.63
0.117384,24.717,5.6135,9629.4,0.68077,9630.1,0,10.56
0.1180797,24.9747,5.5334,9436.1,0.68958,9436.8,0,10.5
0.119136,25.125,5.4159,9153.9,0.70303,9154.6,0,10.41
0.1262272,25.0157,4.7387,7559.3,0.79555,7560.1,0,9.822
0.1349368,24.4093,4.1073,6129.2,0.91406,6130.1,0,9.188
0.1442475,23.591,3.5964,5020.3,1.046,5021.3,0,8.595
0.1542005,22.4846,3.1864,4160.9,1.1921,4162.1,0,8.04
0.154252,22.4774,3.1846,4157.2,1.1929,4158.4,0,8.038
0.156114,22.1808,3.1203,4024.7,1.2208,4025.9,0,7.942
0.156613,22.0759,3.1036,3990.4,1.2283,3991.6,0,7.917
0.1572426,21.858,3.083,3948,1.2378,3949.2,0,7.885
0.158187,21.8413,3.3158,4220.8,1.252,4222.1,0,7.838
0.158662,21.7964,3.3071,4197.1,1.2592,4198.4,0,7.814
0.1591407,21.7049,3.2986,4173.7,1.2664,4175,0,7.791
0.1600965,21.6729,3.408,4286.3,1.2809,4287.6,0,7.744
0.160548,21.636,3.4013,4266,1.2877,4267.3,0,7.723
0.1610905,21.572,3.3937,4242.1,1.296,4243.4,0,7.697
0.1617381,21.4279,3.3853,4214.6,1.3059,4215.9,0,7.666
0.162486,21.4394,3.5669,4420.3,1.3173,4421.6,0,7.63
0.1627095,21.4392,3.5665,4413.7,1.3207,4415,0,7.62
0.1648404,21.3246,3.567,4357.3,1.3533,4358.7,0,7.521
0.165138,21.3028,3.5678,4350.4,1.3579,4351.8,0,7.508
0.1762144,20.3011,3.7195,4250.3,1.5302,4251.8,0,7.036
0.1883732,19.1101,4.1589,4445.6,1.7234,4447.3,0,6.582
0.2013709,17.8619,4.9263,4926.1,1.9334,4928,0,6.157
0.2152655,16.6344,6.0678,5675.8,2.1607,5678,0,5.76
0.2301188,15.5253,7.6096,6658.6,2.4054,6661,0,5.388
0.245997,14.647,9.5459,7813.8,2.6676,7816.5,0,5.04
0.2629708,14.1138,11.83,9058.6,2.9472,9061.5,0,4.715
0.2811158,14.0267,14.375,10297,3.2439,10300,0,4.41
0.3005128,14.4493,17.058,11430,3.5572,11434,0,4.126
0.3212482,15.4066,19.738,12372,3.8864,12376,0,3.859
0.3434143,16.8702,22.267,13056,4.2304,13060,0,3.61
0.3671099,18.756,24.511,13444,4.5883,13449,0,3.377
0.3924405,20.922,26.362,13526,4.9585,13531,0,3.159
0.4195189,23.0901,27.747,13318,5.3394,13323,0,2.955
0.4312,23.7719,28.172,13156,5.4989,13162,0,2.875
0.4378,23.7625,28.37,13048,5.5877,13054,0,2.832
0.43956,23.2706,28.418,13018,5.6112,13024,0,2.821
0.4422,24.0733,29.716,13531,5.6464,13537,0,2.804
0.4484657,25.0378,29.921,13434,5.7292,13440,0,2.765
0.4488,25.0758,29.931,13429,5.7336,13435,0,2.763
0.454328,25.6187,30.093,13337,5.806,13343,0,2.729
0.461282,26.0072,30.274,13215,5.896,13221,0,2.688
0.4631364,25.7858,30.319,13182,5.9199,13188,0,2.677
0.465918,26.4552,31.184,13477,5.9555,13483,0,2.661
0.472872,27.4852,31.369,13358,6.0438,13364,0,2.622
0.4794098,28.236,31.525,13241,6.1259,13247,0,2.586
0.5,32.1,31.903,12848,6.3774,12854,0,2.48
0.5025,32.3386,31.937,12798,6.4075,12804,0,2.467
0.5050125,32.5759,31.97,12747,6.4375,12754,0,2.455
0.50753756,32.8121,32,12696,6.4676,12702,0,2.443
0.51007525,33.0473,32.028,12644,6.4977,12650,0,2.431
0.51262563,33.2815,32.054,12591,6.5278,12597,0,2.419
0.51518875,33.5148,32.078,12537,6.5579,12544,0,2.407
0.5177647,33.7472,32.098,12483,6.588,12490,0,2.395
0.52035352,33.9786,32.117,12428,6.6181,12435,0,2.383
0.52295529,34.2089,32.133,12373,6.6483,12379,0,2.371
0.52557007,34.4383,32.147,12316,6.6784,12323,0,2.359
0.52819792,34.6666,32.158,12259,6.7086,12266,0,2.347
0.53083891,34.8938,32.168,12202,6.7388,12209,0,2.336
0.5334931,35.1199,32.174,12144,6.769,12151,0,2.324
0.53616057,35.3449,32.179,12085,6.7991,12092,0,2.312
0.53884137,35.5688,32.181,12026,6.8293,12033,0,2.301
0.54153558,35.7915,32.181,11966,6.8595,11973,0,2.289
0.54424325,36.0129,32.179,11906,6.8897,11912,0,2.278
0.54696447,36.2332,32.174,11845,6.9199,11852,0,2.267
0.54969929,36.4521,32.168,11783,6.9501,11790,0,2.255
0.55244779,36.6698,32.159,11722,6.9802,11729,0,2.244
0.55521003,36.8861,32.148,11659,7.0104,11666,0,2.233
0.55798608,37.101,32.135,11597,7.0406,11604,0,2.222
0.56077601,37.3145,32.12,11534,7.0708,11541,0,2.211
0.56357989,37.5265,32.103,11470,7.1009,11477,0,2.2
0.56639779,37.7371,32.084,11406,7.1311,11413,0,2.189
0.56922978,37.9461,32.063,11342,7.1612,11349,0,2.178
0.57207593,38.1535,32.04,11278,7.1914,11285,0,2.167
0.5749363,38.3592,32.015,11213,7.2215,11220,0,2.156
0.57781099,38.5633,31.989,11148,7.2516,11155,0,2.146
0.58070004,38.7657,31.96,11082,7.2817,11090,0,2.135
0.58360354,38.9662,31.929,11017,7.3118,11024,0,2.124
0.58652156,39.1649,31.897,10951,7.3419,10958,0,2.114
0.58945417,39.3617,31.863,10885,7.3719,10892,0,2.103
0.59240144,39.5565,31.827,10818,7.402,10826,0,2.093
0.59536345,39.7493,31.79,10752,7.432,10759,0,2.082
0.59834026,39.9399,31.751,10685,7.462,10693,0,2.072
0.60133196,40.1284,31.71,10618,7.492,10626,0,2.062
0.60433862,40.3145,31.668,10551,7.5219,10559,0,2.052
0.60736032,40.4983,31.624,10484,7.5519,10492,0,2.041
0.61039712,40.6795,31.579,10417,7.5818,10425,0,2.031
0.6134491,40.8581,31.532,10350,7.6117,10358,0,2.021
0.61651635,41.034,31.483,10283,7.6415,10290,0,2.011
0.61959893,41.2068,31.433,10215,7.6713,10223,0,2.001
0.62269693,41.3766,31.382,10148,7.7011,10156,0,1.991
0.62581041,41.543,31.33,10081,7.7309,10088,0,1.981
0.62893946,41.7058,31.276,10013,7.7607,10021,0,1.971
0.63208416,41.8647,31.221,9945.8,7.7904,9953.6,0,1.962
0.63524458,42.0192,31.164,9878.3,7.82,9886.1,0,1.952
0.6384208,42.169,31.106,9810.9,7.8497,9818.7,0,1.942
0.64161291,42.3134,31.046,9743.4,7.8793,9751.3,0,1.932
0.64482097,42.4516,30.986,9676,7.9089,9683.9,0,1.923
0.64804508,42.5827,30.924,9608.5,7.9384,9616.5,0,1.913
0.6512853,42.7053,30.86,9541.2,7.9679,9549.1,0,1.904
0.65454173,42.8177,30.796,9473.8,7.9973,9481.8,0,1.894
0.65781444,42.9172,30.73,9406.5,8.0267,9414.5,0,1.885
0.66110351,42.9999,30.663,9339.3,8.0561,9347.3,0,1.875
0.66440903,43.0593,30.594,9272.1,8.0854,9280.2,0,1.866
0.66773107,43.0839,30.525,9205.1,8.1147,9213.2,0,1.857
0.67106973,43.0497,30.455,9138.2,8.144,9146.3,0,1.848
0.67442508,42.8903,30.383,9071.4,8.1731,9079.5,0,1.838
0.6777972,42.2211,30.311,9004.7,8.2023,9012.9,0,1.829
0.67809211,42.0486,30.304,8998.9,8.2048,9007.1,0,1.828
0.67970789,42.1317,32.165,9528.8,8.2187,9537.1,0,1.824
0.68118619,42.835,32.134,9499,8.2314,9507.2,0,1.82
0.68459212,43.5588,32.063,9430.6,8.2604,9438.9,0,1.811
0.68801508,44.0154,31.99,9362.4,8.2894,9370.7,0,1.802
0.69145515,44.3798,31.917,9294.5,8.3183,9302.8,0,1.793
0.69491243,44.6967,31.842,9226.8,8.3472,9235.1,0,1.784
0.69838699,44.984,31.768,9159.3,8.376,9167.7,0,1.775
0.70187893,45.251,31.692,9092.1,8.4048,9100.5,0,1.766
0.70538832,45.5031,31.616,9025.2,8.4335,9033.6,0,1.758
0.70891526,45.7436,31.54,8958.6,8.4622,8967.1,0,1.749
0.71245984,45.9749,31.463,8892.3,8.4907,8900.8,0,1.74
0.71602214,46.1985,31.386,8826.3,8.5193,8834.8,0,1.732
0.71960225,46.4157,31.308,8760.6,8.5477,8769.2,0,1.723
0.72320026,46.6274,31.23,8695.3,8.5761,8703.9,0,1.714
0.72681626,46.8344,31.151,8630.3,8.6045,8638.9,0,1.706
0.73045034,47.0373,31.073,8565.7,8.6328,8574.3,0,1.697
0.7341026,47.2366,30.994,8501.5,8.661,8510.1,0,1.689
0.73777311,47.4328,30.915,8437.6,8.6891,8446.3,0,1.681
0.74146197,47.6263,30.836,8374.1,8.7172,8382.9,0,1.672
0.74516928,47.8169,30.752,8309.7,8.7452,8318.5,0,1.664
0.74889513,48.003,30.66,8243.8,8.7731,8252.6,0,1.656
0.75263961,48.1852,30.568,8178.2,8.801,8187,0,1.647
0.7564028,48.3634,30.476,8113,8.8287,8121.8,0,1.639
0.76018482,48.5379,30.383,8048.1,8.8564,8056.9,0,1.631
0.76398574,48.7087,30.291,7983.5,8.8841,7992.4,0,1.623
0.76780567,48.8759,30.197,7919.4,8.9116,7928.3,0,1.615
0.7716447,49.0392,30.104,7855.5,8.9391,7864.5,0,1.607
0.77550292,49.1987,30.01,7792.1,8.9665,7801.1,0,1.599
0.77938044,49.3538,29.916,7729.1,8.9938,7738.1,0,1.591
0.78327734,49.5042,29.822,7666.4,9.021,7675.4,0,1.583
0.78719373,49.6475,29.721,7602.4,9.0482,7611.5,0,1.575
0.79112969,49.7815,29.619,7538.7,9.0753,7547.8,0,1.567
0.79508534,49.9021,29.517,7475.3,9.1022,7484.4,0,1.559
0.79906077,49.9987,29.414,7412.3,9.1291,7421.5,0,1.552
0.80305607,50.0244,29.312,7349.7,9.1559,7358.9,0,1.544
0.80418063,49.9786,29.283,7332.2,9.1635,7341.4,0,1.542
0.80641936,50.064,29.629,7398.2,9.1783,7407.4,0,1.537
0.80707135,50.1476,29.612,7388.2,9.1827,7397.3,0,1.536
0.81110671,50.4519,29.511,7326.3,9.2093,7335.5,0,1.529
0.81516224,50.6701,29.41,7264.8,9.2358,7274,0,1.521
0.81923806,50.8627,29.308,7203.7,9.2623,7213,0,1.513
0.82333425,51.042,29.207,7143,9.2886,7152.3,0,1.506
0.82745092,51.2126,29.105,7082.7,9.3149,7092,0,1.498
0.83158817,51.3768,29.003,7022.8,9.3411,7032.2,0,1.491
0.83574611,51.5359,28.902,6963.4,9.3671,6972.7,0,1.484
0.83992484,51.6907,28.8,6904.3,9.3931,6913.7,0,1.476
0.84412447,51.8418,28.698,6845.7,9.419,6855.1,0,1.469
0.84834509,51.9894,28.596,6787.5,9.4447,6796.9,0,1.461
0.85258682,52.134,28.494,6729.7,9.4704,6739.2,0,1.454
0.85684975,52.2756,28.393,6672.3,9.496,6681.8,0,1.447
0.861134,52.4144,28.291,6615.4,9.5215,6624.9,0,1.44
0.86543967,52.5506,28.19,6558.9,9.5468,6568.4,0,1.433
0.86976687,52.6841,28.089,6502.8,9.5721,6512.4,0,1.425
0.8741157,52.815,27.988,6447.2,9.5972,6456.8,0,1.418
0.87848628,52.9434,27.887,6392,9.6223,6401.6,0,1.411
0.88287871,53.0692,27.786,6337.2,9.6472,6346.9,0,1.404
0.8872931,53.1922,27.686,6282.9,9.6721,6292.6,0,1.397
0.89172957,53.3124,27.585,6229,9.6968,6238.7,0,1.39
0.89618822,53.4296,27.485,6175.5,9.7214,6185.3,0,1.383
0.90066916,53.5434,27.386,6122.5,9.7459,6132.3,0,1.377
0.9051725,53.6534,27.286,6069.9,9.7703,6079.7,0,1.37
0.90969837,53.7589,27.187,6017.8,9.7945,6027.6,0,1.363
0.91424686,53.8587,27.088,5966.1,9.8187,5975.9,0,1.356
0.91881809,53.9511,26.99,5914.8,9.8427,5924.7,0,1.349
0.92341218,54.0323,26.892,5864,9.8666,5873.9,0,1.343
0.92802924,54.0948,26.794,5813.6,9.8904,5823.5,0,1.336
0.93266939,54.116,26.697,5763.7,9.9141,5773.6,0,1.329
0.93687713,53.9831,26.609,5719,9.9354,5728.9,0,1.323
0.93733274,53.9226,26.6,5714.2,9.9377,5724.1,0,1.323
0.93952286,54.0533,27.094,5806.9,9.9486,5816.8,0,1.32
0.9420194,54.3016,27.044,5780.7,9.9611,5790.6,0,1.316
0.9467295,54.5639,26.948,5731.7,9.9844,5741.7,0,1.31
0.95146315,54.7639,26.854,5683.1,10.008,5693.1,0,1.303
0.95622046,54.9407,26.76,5635,10.031,5645.1,0,1.297
0.96100156,55.1053,26.666,5587.4,10.054,5597.4,0,1.29
0.96580657,55.2626,26.573,5540.1,10.076,5550.2,0,1.284
0.9706356,55.4152,26.48,5493.3,10.099,5503.4,0,1.277
0.97548878,55.5648,26.388,5447,10.122,5457.1,0,1.271
0.98036623,55.7127,26.296,5401,10.144,5411.2,0,1.265
0.98526806,55.86,26.205,5355.6,10.166,5365.7,0,1.258
0.9901944,56.0079,26.114,5310.5,10.189,5320.7,0,1.252
0.99514537,56.1581,26.024,5265.9,10.211,5276.1,0,1.246
1.0001211,56.3129,25.933,5221.3,10.232,5231.6,0,1.24
1.0051217,56.4625,25.777,5164,10.254,5174.3,0,1.234
1.0101473,56.6013,25.622,5107.5,10.276,5117.7,0,1.227
1.015198,56.7321,25.468,5051.6,10.297,5061.9,0,1.221
1.020274,56.8564,25.316,4996.4,10.319,5006.7,0,1.215
1.0253754,56.9753,25.165,4941.8,10.34,4952.2,0,1.209
1.0305023,57.0893,25.015,4887.9,10.361,4898.3,0,1.203
1.0356548,57.199,24.866,4834.7,10.382,4845.1,0,1.197
1.0408331,57.3047,24.718,4782,10.403,4792.4,0,1.191
1.0460372,57.4067,24.572,4730,10.423,4740.4,0,1.185
1.0512674,57.5052,24.426,4678.6,10.444,4689.1,0,1.179
1.0565238,57.6005,24.282,4627.9,10.464,4638.3,0,1.174
1.0618064,57.6928,24.139,4577.7,10.485,4588.2,0,1.168
1.0671154,57.7823,23.997,4528.1,10.505,4538.7,0,1.162
1.072451,57.869,23.856,4479.2,10.525,4489.7,0,1.156
1.0778132,57.9532,23.717,4430.8,10.544,4441.4,0,1.15
1.0832023,58.0349,23.578,4383.1,10.564,4393.6,0,1.145
1.0886183,58.1143,23.441,4335.8,10.584,4346.4,0,1.139
1.0940614,58.1914,23.305,4289.2,10.603,4299.8,0,1.133
1.0995317,58.2664,23.17,4243.1,10.622,4253.8,0,1.128
1.1050294,58.3393,23.036,4197.6,10.641,4208.3,0,1.122
1.1105545,58.4103,22.903,4152.6,10.66,4163.3,0,1.116
1.1161073,58.4793,22.771,4108.2,10.679,4118.9,0,1.111
1.1216878,58.5466,22.64,4064.3,10.697,4075,0,1.105
1.1272963,58.6121,22.511,4020.9,10.716,4031.6,0,1.1
1.1329328,58.6759,22.382,3978.1,10.734,3988.8,0,1.094
1.1385974,58.7382,22.255,3935.7,10.752,3946.5,0,1.089
1.1442904,58.7989,22.128,3893.9,10.77,3904.7,0,1.084
1.1500119,58.8581,22.002,3852.4,10.788,3863.2,0,1.078
1.1557619,58.9154,21.875,3811.1,10.806,3822,0,1.073
1.1615407,58.971,21.749,3770.4,10.823,3781.2,0,1.067
1.1673484,59.0249,21.625,3730.1,10.841,3741,0,1.062
1.1731852,59.0772,21.501,3690.4,10.858,3701.2,0,1.057
1.1790511,59.1279,21.379,3651.1,10.875,3661.9,0,1.052
1.1849464,59.1772,21.257,3612.2,10.892,3623.1,0,1.046
1.1908711,59.2249,21.136,3573.8,10.908,3584.7,0,1.041
1.1968254,59.2713,21.016,3535.9,10.925,3546.8,0,1.036
1.2028096,59.3162,20.898,3498.4,10.941,3509.4,0,1.031
1.2088236,59.3598,20.78,3461.4,10.957,3472.4,0,1.026
1.2148677,59.4021,20.663,3424.8,10.973,3435.8,0,1.021
1.2209421,59.443,20.547,3388.6,10.989,3399.6,0,1.015
1.2270468,59.4828,20.432,3352.9,11.005,3363.9,0,1.01
1.233182,59.5212,20.318,3317.6,11.021,3328.6,0,1.005
1.2393479,59.5585,20.204,3282.7,11.036,3293.7,0,1
1.2455447,59.5946,20.092,3248.2,11.051,3259.2,0,0.9954
1.2517724,59.6296,19.981,3214.1,11.066,3225.1,0,0.9905
1.2580312,59.6635,19.87,3180.4,11.081,3191.5,0,0.9855
1.2643214,59.6962,19.76,3147.1,11.096,3158.2,0,0.9806
1.270643,59.7278,19.651,3114.2,11.11,3125.3,0,0.9758
1.2769962,59.7585,19.544,3081.7,11.125,3092.8,0,0.9709
1.2833812,59.788,19.436,3049.5,11.139,3060.7,0,0.9661
1.2897981,59.8166,19.33,3017.8,11.153,3028.9,0,0.9613
1.2962471,59.8441,19.225,2986.4,11.167,2997.5,0,0.9565
1.3027283,59.8707,19.12,2955.4,11.18,2966.5,0,0.9517
1.309242,59.8963,19.016,2924.7,11.194,2935.9,0,0.947
1.3157882,59.921,18.913,2894.4,11.207,2905.6,0,0.9423
1.3223671,59.9584,18.811,2864.4,11.22,2875.6,0,0.9376
1.328979,59.9815,18.71,2834.8,11.233,2846.1,0,0.9329
1.3356239,60.0036,18.609,2805.6,11.246,2816.8,0,0.9283
1.342302,60.0249,18.51,2776.6,11.259,2787.9,0,0.9237
1.3490135,60.0454,18.411,2748.1,11.271,2759.3,0,0.9191
1.3557586,60.0651,18.312,2719.8,11.283,2731.1,0,0.9145
1.3625374,60.0839,18.215,2691.8,11.296,2703.1,0,0.91
1.36935,60.1018,18.117,2664.1,11.307,2675.4,0,0.9054
1.3761968,60.1188,18.02,2636.6,11.319,2647.9,0,0.9009
1.3830778,60.1348,17.923,2609.4,11.331,2620.8,0,0.8964
1.3899932,60.1498,17.828,2582.6,11.342,2594,0,0.892
1.3969431,60.1713,17.733,2556.1,11.353,2567.4,0,0.8875
1.4039278,60.1847,17.639,2529.9,11.364,2541.2,0,0.8831
1.4109475,60.1974,17.545,2503.9,11.375,2515.3,0,0.8787
1.4180022,60.2091,17.453,2478.3,11.386,2489.7,0,0.8744
1.4250922,60.22,17.361,2453,11.396,2464.4,0,0.87
1.4322177,60.2301,17.269,2427.9,11.407,2439.3,0,0.8657
1.4393788,60.2393,17.179,2403.2,11.417,2414.6,0,0.8614
1.4465757,60.2477,17.089,2378.7,11.427,2390.1,0,0.8571
1.4538086,60.2553,16.999,2354.5,11.436,2366,0,0.8528
1.4610776,60.2621,16.911,2330.6,11.446,2342,0,0.8486
1.468383,60.2681,16.823,2306.9,11.455,2318.4,0,0.8444
1.4757249,60.2732,16.736,2283.6,11.464,2295,0,0.8402
1.4831035,60.2776,16.649,2260.5,11.473,2271.9,0,0.836
1.490519,60.2813,16.563,2237.6,11.482,2249.1,0,0.8318
1.4979716,60.2841,16.478,2215,11.491,2226.5,0,0.8277
1.5054615,60.2861,16.393,2192.7,11.499,2204.2,0,0.8236
1.5129888,60.2874,16.31,2170.6,11.508,2182.1,0,0.8195
1.5205537,60.2879,16.226,2148.8,11.516,2160.3,0,0.8154
1.5281565,60.2877,16.143,2127.2,11.524,2138.7,0,0.8113
1.5357973,60.2867,16.061,2105.8,11.531,2117.4,0,0.8073
1.5434763,60.285,15.98,2084.7,11.539,2096.3,0,0.8033
1.5511937,60.2825,15.899,2063.9,11.546,2075.4,0,0.7993
1.5589496,60.2792,15.819,2043.2,11.553,2054.8,0,0.7953
1.5667444,60.2752,15.739,2022.8,11.56,2034.4,0,0.7913
1.5745781,60.2705,15.66,2002.7,11.567,2014.2,0,0.7874
1.582451,60.2651,15.582,1982.7,11.574,1994.3,0,0.7835
1.5903633,60.2588,15.504,1963,11.58,1974.5,0,0.7796
1.5983151,60.2518,15.426,1943.4,11.586,1955,0,0.7757
1.6063066,60.2439,15.349,1924,11.592,1935.6,0,0.7719
1.6143382,60.2352,15.272,1904.9,11.598,1916.5,0,0.768
1.6224099,60.2257,15.196,1886,11.604,1897.6,0,0.7642
1.6305219,60.2154,15.12,1867.3,11.609,1878.9,0,0.7604
1.6386745,60.2043,15.045,1848.8,11.615,1860.4,0,0.7566
1.6468679,60.1923,14.971,1830.5,11.62,1842.1,0,0.7528
1.6551022,60.1796,14.897,1812.4,11.625,1824,0,0.7491
1.6633777,60.166,14.824,1794.5,11.629,1806.1,0,0.7454
1.6716946,60.1517,14.751,1776.8,11.634,1788.5,0,0.7417
1.6800531,60.1365,14.679,1759.3,11.638,1771,0,0.738
1.6884534,60.1205,14.607,1742,11.642,1753.7,0,0.7343
1.6968956,60.1037,14.536,1724.9,11.646,1736.6,0,0.7307
1.7053801,60.086,14.465,1708,11.65,1719.6,0,0.727
1.713907,60.0676,14.395,1691.3,11.653,1702.9,0,0.7234
1.7224766,60.0483,14.326,1674.7,11.657,1686.4,0,0.7198
1.7310889,60.0282,14.257,1658.3,11.66,1670,0,0.7162
1.7397444,60.0073,14.188,1642.2,11.663,1653.8,0,0.7127
1.7484431,59.9856,14.12,1626.1,11.666,1637.8,0,0.7091
1.7571853,59.9631,14.052,1610.2,11.669,1621.9,0,0.7056
1.7659712,59.9395,13.978,1593.8,11.671,1605.5,0,0.7021
1.7748011,59.9144,13.902,1577.2,11.673,1588.9,0,0.6986
1.7836751,59.8877,13.826,1560.8,11.675,1572.5,0,0.6951
1.7925935,59.8594,13.751,1544.6,11.677,1556.3,0,0.6916
1.8015565,59.8295,13.676,1528.6,11.679,1540.3,0,0.6882
1.8105642,59.798,13.602,1512.7,11.68,1524.4,0,0.6848
1.8196171,59.765,13.529,1497.1,11.682,1508.8,0,0.6814
1.8287151,59.7304,13.456,1481.6,11.683,1493.3,0,0.678
1.8378587,59.6942,13.383,1466.3,11.684,1478,0,0.6746
1.847048,59.6564,13.311,1451.2,11.684,1462.8,0,0.6713
1.8562833,59.6169,13.239,1436.1,11.685,1447.7,0,0.6679
1.8655647,59.5755,13.161,1420.6,11.685,1432.3,0,0.6646
1.8748925,59.5319,13.085,1405.3,11.685,1417,0,0.6613
1.884267,59.4862,13.009,1390.1,11.685,1401.8,0,0.658
1.8936883,59.4382,12.933,1375.2,11.685,1386.9,0,0.6547
1.9031567,59.3881,12.858,1360.4,11.685,1372.1,0,0.6515
1.9126725,59.3357,12.784,1345.8,11.684,1357.5,0,0.6482
1.9222359,59.281,12.71,1331.4,11.683,1343.1,0,0.645
1.9318471,59.2239,12.636,1317.1,11.683,1328.8,0,0.6418
1.9415063,59.1646,12.564,1303,11.681,1314.7,0,0.6386
1.9512138,59.1028,12.491,1289.1,11.68,1300.8,0,0.6354
1.9609699,59.0385,12.42,1275.3,11.679,1287,0,0.6323
1.9707747,58.9717,12.348,1261.7,11.677,1273.3,0,0.6291
1.9806286,58.9024,12.278,1248.2,11.675,1259.9,0,0.626
1.9905318,58.8304,12.207,1234.9,11.673,1246.6,0,0.6229
2.0004844,58.7556,12.138,1221.7,11.671,1233.4,0,0.6198
2.0104868,58.678,12.069,1208.7,11.668,1220.4,0,0.6167
2.0205393,58.5976,12,1195.9,11.666,1207.5,0,0.6136
2.030642,58.5141,11.932,1183.2,11.663,1194.8,0,0.6106
2.0407952,58.4292,11.864,1170.6,11.66,1182.3,0,0.6075
2.0509992,58.3394,11.797,1158.2,11.657,1169.8,0,0.6045
2.0612542,58.2464,11.73,1145.9,11.653,1157.6,0,0.6015
2.0715604,58.1498,11.664,1133.8,11.65,1145.4,0,0.5985
2.0819182,58.0497,11.598,1121.8,11.646,1133.4,0,0.5955
2.0923278,57.9459,11.533,1109.9,11.642,1121.6,0,0.5926
2.1027895,57.8381,11.468,1098.2,11.638,1109.8,0,0.5896
2.1133034,57.7263,11.404,1086.6,11.634,1098.2,0,0.5867
2.1238699,57.6102,11.34,1075.1,11.629,1086.8,0,0.5838
2.1344893,57.4896,11.277,1063.8,11.624,1075.4,0,0.5809
2.1451617,57.3644,11.214,1052.6,11.62,1064.2,0,0.578
2.1558875,57.2342,11.151,1041.5,11.615,1053.2,0,0.5751
2.166667,57.0989,11.089,1030.6,11.609,1042.2,0,0.5722
2.1775003,56.958,11.028,1019.8,11.604,1031.4,0,0.5694
2.1883878,56.8114,10.967,1009.1,11.598,1020.7,0,0.5666
2.1993297,56.6587,10.906,998.49,11.593,1010.1,0,0.5637
2.2103264,56.4995,10.845,988.01,11.587,999.6,0,0.5609
2.221378,56.3335,10.785,977.66,11.581,989.24,0,0.5581
2.2324849,56.16,10.726,967.42,11.574,979,0,0.5554
2.2436473,55.9788,10.667,957.3,11.568,968.87,0,0.5526
2.2548656,55.7891,10.608,947.29,11.561,958.85,0,0.5499
2.2661399,55.5905,10.55,937.39,11.555,948.95,0,0.5471
2.2774706,55.3822,10.492,927.61,11.548,939.16,0,0.5444
2.2888579,55.1635,10.434,917.94,11.54,929.48,0,0.5417
2.3003022,54.9335,10.377,908.37,11.533,919.9,0,0.539
2.3118037,54.6912,10.32,898.91,11.526,910.44,0,0.5363
2.3233628,54.4357,10.264,889.56,11.518,901.08,0,0.5336
2.3349796,54.1655,10.208,880.31,11.51,891.82,0,0.531
2.3466545,53.8793,10.153,871.17,11.502,882.67,0,0.5283
2.3583878,53.5754,10.098,862.13,11.494,873.62,0,0.5257
2.3701797,53.2519,10.043,853.19,11.485,864.68,0,0.5231
2.3820306,52.9065,9.9884,844.35,11.477,855.83,0,0.5205
2.3939407,52.5365,9.9344,835.61,11.468,847.08,0,0.5179
2.4059104,52.1386,9.8809,826.97,11.459,838.43,0,0.5153
2.41794,51.7125,9.8276,818.42,11.45,829.87,0,0.5128
2.4300297,51.2462,9.7748,809.97,11.441,821.41,0,0.5102
2.4421798,50.7372,9.7223,801.61,11.432,813.04,0,0.5077
2.4543907,50.1776,9.6702,793.35,11.422,804.77,0,0.5052
2.4666627,49.5575,9.6184,785.18,11.412,796.59,0,0.5026
2.478996,48.8632,9.567,777.09,11.402,788.5,0,0.5001
2.491391,48.0758,9.516,769.1,11.392,780.49,0,0.4977
2.5038479,47.1678,9.4653,761.2,11.382,772.58,0,0.4952
2.5163672,46.0971,9.4149,753.38,11.372,764.76,0,0.4927
2.528949,44.7936,9.3649,745.66,11.361,757.02,0,0.4903
2.5415938,43.1265,9.3153,738.01,11.35,749.36,0,0.4878
2.5543017,40.8023,9.266,730.45,11.339,741.79,0,0.4854
2.5670732,36.8771,9.217,722.98,11.328,734.31,0,0.483
2.5788933,21.2884,9.1722,716.17,11.318,727.48,0,0.4808
2.5799086,16.5394,26.074,2035,11.317,2046.3,0,0.4806
2.5803069,21,26.068,2034.2,11.317,2045.6,0,0.4805
2.5928082,36.5808,25.879,2009.8,11.306,2021.1,0,0.4782
2.6057722,39.9542,25.686,1984.9,11.294,1996.2,0,0.4758
2.6188011,41.7054,25.495,1960.3,11.283,1971.6,0,0.4734
2.6318951,42.6865,25.305,1936,11.271,1947.3,0,0.4711
2.6450545,43.1094,25.117,1912.1,11.259,1923.3,0,0.4687
2.6582798,42.9465,24.93,1888.4,11.247,1899.7,0,0.4664
2.6715712,41.8129,24.745,1865.1,11.234,1876.3,0,0.4641
2.6849291,36.362,24.561,1842,11.222,1853.2,0,0.4618
2.6868259,32.0847,24.535,1838.8,11.22,1850,0,0.4615
2.6883739,32.0049,35.686,2672.9,11.218,2684.1,0,0.4612
2.6983537,41.989,35.482,2647.8,11.209,2659,0,0.4595
2.7118455,45.6172,35.209,2614.3,11.196,2625.5,0,0.4572
2.7254047,47.8545,34.937,2581.2,11.183,2592.4,0,0.4549
2.7390317,49.5441,34.667,2548.5,11.17,2559.7,0,0.4527
2.7527269,50.9266,34.399,2516.3,11.157,2527.4,0,0.4504
2.7664905,52.1068,34.133,2484.4,11.143,2495.5,0,0.4482
2.780323,53.1409,33.87,2452.9,11.13,2464.1,0,0.4459
2.7942246,54.0629,33.608,2421.9,11.116,2433,0,0.4437
2.8081957,54.8954,33.349,2391.3,11.102,2402.4,0,0.4415
2.8222367,55.6538,33.092,2361,11.088,2372.1,0,0.4393
2.8363479,56.3498,32.837,2331.2,11.074,2342.2,0,0.4371
2.8505296,56.9919,32.584,2301.7,11.06,2312.8,0,0.435
2.8647823,57.5865,32.333,2272.6,11.045,2283.7,0,0.4328
2.8791062,58.139,32.084,2243.9,11.031,2255,0,0.4306
2.8935017,58.6535,31.838,2215.6,11.016,2226.6,0,0.4285
2.9079692,59.1332,31.593,2187.6,11.001,2198.6,0,0.4264
2.9225091,59.5809,31.35,2160,10.986,2171,0,0.4242
2.9371216,59.9987,31.109,2132.8,10.971,2143.7,0,0.4221
2.9518072,60.3882,30.871,2105.9,10.955,2116.8,0,0.42
2.9665662,60.7507,30.633,2079.2,10.94,2090.2,0,0.4179
2.9813991,61.0868,30.396,2052.9,10.924,2063.8,0,0.4159
2.9963061,61.3972,30.161,2026.9,10.908,2037.8,0,0.4138
3.0112876,61.6726,29.914,2000.3,10.892,2011.2,0,0.4117
3.026344,61.9164,29.664,1973.7,10.876,1984.6,0,0.4097
3.0414758,62.1293,29.417,1947.5,10.86,1958.4,0,0.4076
3.0566831,62.3087,29.17,1921.6,10.844,1932.4,0,0.4056
3.0719666,62.4498,28.926,1896,10.827,1906.8,0,0.4036
3.0873264,62.5453,28.683,1870.8,10.811,1881.6,0,0.4016
3.102763,62.5832,28.443,1845.9,10.794,1856.7,0,0.3996
3.1182768,62.5419,28.205,1821.3,10.777,1832.1,0,0.3976
3.1338682,62.3789,27.969,1797.1,10.76,1807.9,0,0.3956
3.1495376,61.9902,27.735,1773.2,10.743,1783.9,0,0.3937
3.1652853,60.9806,27.503,1749.6,10.726,1760.3,0,0.3917
3.1735006,59.2587,27.383,1737.5,10.717,1748.2,0,0.3907
3.1802992,59.3216,32.091,2031.8,10.709,2042.6,0,0.3899
3.1811117,59.6663,32.077,2030.4,10.708,2041.1,0,0.3898
3.1970172,62.3551,31.8,2002.9,10.691,2013.6,0,0.3878
3.2130023,63.5185,31.525,1975.7,10.673,1986.4,0,0.3859
3.2290673,64.3326,31.253,1948.9,10.655,1959.5,0,0.384
3.2452127,64.9813,30.982,1922.4,10.638,1933,0,0.3821
3.2614387,65.5301,30.714,1896.3,10.62,1906.9,0,0.3802
3.2777459,66.0102,30.448,1870.5,10.601,1881.1,0,0.3783
3.2941347,66.4386,30.185,1845.1,10.583,1855.7,0,0.3764
3.3106053,66.8256,29.923,1820,10.565,1830.6,0,0.3745
3.3271584,67.177,29.665,1795.3,10.546,1805.9,0,0.3726
3.3437941,67.4976,29.419,1771.6,10.527,1782.1,0,0.3708
3.3605131,67.7991,29.18,1748.4,10.509,1758.9,0,0.3689
3.3773157,68.0821,28.941,1725.5,10.49,1736,0,0.3671
3.3942023,68.3479,28.705,1702.9,10.471,1713.4,0,0.3653
3.4111733,68.5976,28.472,1680.7,10.452,1691.2,0,0.3635
3.4282291,68.8325,28.242,1658.8,10.432,1669.3,0,0.3617
3.4453703,69.0534,28.015,1637.3,10.413,1647.7,0,0.3599
3.4625971,69.2609,27.79,1616.1,10.394,1626.5,0,0.3581
3.4799101,69.4556,27.569,1595.2,10.374,1605.6,0,0.3563
3.4973097,69.6376,27.349,1574.6,10.354,1585,0,0.3545
3.5147962,69.806,27.128,1554.2,10.334,1564.5,0,0.3527
3.5323702,69.9603,26.91,1534,10.314,1544.3,0,0.351
3.5500321,70.0998,26.695,1514.2,10.294,1524.5,0,0.3492
3.5677822,70.2232,26.482,1494.6,10.274,1504.9,0,0.3475
3.5856211,70.3284,26.271,1475.3,10.254,1485.6,0,0.3458
3.6035492,70.4118,26.063,1456.4,10.234,1466.6,0,0.3441
3.621567,70.467,25.857,1437.7,10.213,1447.9,0,0.3423
3.6396748,70.4818,25.653,1419.2,10.193,1429.4,0,0.3406
3.6578732,70.429,25.451,1401.1,10.172,1411.2,0,0.339
3.6761626,70.225,25.252,1383.2,10.151,1393.3,0,0.3373
3.6909034,69.6035,25.093,1369,10.134,1379.1,0,0.3359
3.6945434,68.9929,25.054,1365.5,10.13,1375.6,0,0.3356
3.7016966,69.678,26.777,1456.6,10.122,1466.7,0,0.3349
3.7130161,70.4262,26.642,1444.8,10.109,1454.9,0,0.3339
3.7315812,71.0039,26.424,1425.9,10.088,1435.9,0,0.3323
3.7502391,71.3851,26.208,1407.2,10.067,1417.2,0,0.3306
3.7689903,71.6842,25.994,1388.7,10.046,1398.8,0,0.329
3.7878352,71.9352,25.782,1370.6,10.024,1380.6,0,0.3273
3.8067744,72.1526,25.573,1352.7,10.003,1362.7,0,0.3257
3.8258083,72.3438,25.365,1335,9.981,1345,0,0.3241
3.8449373,72.5125,25.16,1317.6,9.9593,1327.6,0,0.3225
3.864162,72.66,24.957,1300.5,9.9375,1310.4,0,0.3209
3.8834828,72.7857,24.758,1283.7,9.9156,1293.6,0,0.3193
3.9029002,72.8929,24.57,1267.6,9.8936,1277.5,0,0.3177
3.9224147,72.9798,24.384,1251.8,9.8716,1261.7,0,0.3161
3.9420268,73.038,24.201,1236.2,9.8494,1246,0,0.3145
3.9617369,73.0478,24.019,1220.8,9.8271,1230.6,0,0.313
3.9815456,72.942,23.84,1205.7,9.8048,1215.5,0,0.3114
3.9904219,72.7708,23.761,1199,9.7948,1208.8,0,0.3107
4.0014533,72.4061,24.711,1243.5,9.7824,1253.3,0,0.3098
4.007778,72.8852,24.655,1238.7,9.7752,1248.5,0,0.3094
4.0214606,73.2941,24.535,1228.5,9.7598,1238.3,0,0.3083
4.0415679,73.6411,24.362,1213.8,9.7372,1223.5,0,0.3068
4.0617757,73.9004,24.19,1199.2,9.7145,1208.9,0,0.3052
4.0820846,74.1203,24.021,1184.9,9.6918,1194.6,0,0.3037
4.102495,74.317,23.853,1170.8,9.6689,1180.4,0,0.3022
4.1230075,74.4982,23.687,1156.8,9.646,1166.5,0,0.3007
4.1436226,74.6677,23.519,1142.9,9.6229,1152.5,0,0.2992
4.1643407,74.8266,23.35,1129.1,9.5998,1138.7,0,0.2977
4.1851624,74.9771,23.184,1115.4,9.5766,1125,0,0.2962
4.2060882,75.1204,23.018,1102,9.5534,1111.5,0,0.2948
4.2271186,75.2573,22.854,1088.6,9.53,1098.2,0,0.2933
4.2482542,75.3885,22.691,1075.5,9.5066,1085,0,0.2918
4.2694955,75.5147,22.53,1062.6,9.4831,1072,0,0.2904
4.290843,75.6362,22.37,1049.8,9.4595,1059.2,0,0.289
4.3122972,75.7536,22.212,1037.2,9.4359,1046.6,0,0.2875
4.3338587,75.8672,22.055,1024.7,9.4122,1034.1,0,0.2861
4.355528,75.9772,21.899,1012.4,9.3884,1021.8,0,0.2847
4.3773056,76.0839,21.745,1000.3,9.3645,1009.7,0,0.2832
4.3991921,76.1876,21.592,988.33,9.3406,997.67,0,0.2818
4.4211881,76.2884,21.441,976.51,9.3166,985.83,0,0.2804
4.443294,76.3864,21.291,964.85,9.2925,974.14,0,0.279
4.4655105,76.4819,21.142,953.33,9.2684,962.6,0,0.2776
4.4878381,76.575,20.994,941.96,9.2442,951.21,0,0.2763
4.5102772,76.6658,20.848,930.74,9.2199,939.96,0,0.2749
4.5328286,76.7543,20.702,919.66,9.1956,928.85,0,0.2735
4.5554928,76.8409,20.558,908.72,9.1712,917.89,0,0.2722
4.5782702,76.9254,20.416,897.91,9.1468,907.06,0,0.2708
4.6011616,77.0081,20.274,887.24,9.1222,896.36,0,0.2695
4.6241674,77.0889,20.133,876.71,9.0977,885.8,0,0.2681
4.6472882,77.1682,19.994,866.3,9.073,875.38,0,0.2668
4.6705247,77.2458,19.855,856.03,9.0483,865.08,0,0.2655
4.6938773,77.3219,19.718,845.88,9.0236,854.9,0,0.2641
4.7173467,77.3966,19.582,835.86,8.9988,844.85,0,0.2628
4.7409334,77.4701,19.447,825.96,8.9739,834.93,0,0.2615
4.7646381,77.5424,19.313,816.18,8.949,825.13,0,0.2602
4.7884613,77.6137,19.18,806.52,8.924,815.44,0,0.2589
4.8124036,77.684,19.046,796.93,8.899,805.83,0,0.2576
4.8364656,77.7525,18.911,787.34,8.8739,796.22,0,0.2564
4.8606479,77.8192,18.777,777.87,8.8488,786.72,0,0.2551
4.8849512,77.8841,18.644,768.52,8.8236,777.34,0,0.2538
4.9093759,77.9474,18.512,759.27,8.7984,768.07,0,0.2525
4.9339228,78.0091,18.381,750.14,8.7731,758.91,0,0.2513
4.9585924,78.0695,18.25,741.12,8.7478,749.87,0,0.25
4.9833854,78.1284,18.121,732.2,8.7224,740.93,0,0.2488
5.0083023,78.1861,17.993,723.4,8.697,732.1,0,0.2476
5.0333438,78.2425,17.865,714.7,8.6715,723.37,0,0.2463
5.0585105,78.2977,17.739,706.1,8.646,714.75,0,0.2451
5.0838031,78.3517,17.613,697.61,8.6205,706.23,0,0.2439
5.1092221,78.4047,17.488,689.23,8.5949,697.82,0,0.2427
5.1347682,78.4567,17.364,680.94,8.5692,689.51,0,0.2415
5.1604421,78.6824,17.241,672.74,8.5436,681.28,0,0.2403
5.1862443,78.7327,17.112,664.41,8.5179,672.92,0,0.2391
5.2121755,78.7814,16.985,656.17,8.4921,664.66,0,0.2379
5.2382364,78.8284,16.858,648.02,8.4663,656.49,0,0.2367
5.2644276,78.8738,16.732,639.98,8.4405,648.42,0,0.2355
5.2907497,78.9177,16.607,632.04,8.4147,640.46,0,0.2343
5.3172034,78.9602,16.483,624.2,8.3888,632.59,0,0.2332
5.3437895,79.0014,16.36,616.47,8.3629,624.83,0,0.232
5.3705084,79.0413,16.238,608.83,8.3369,617.16,0,0.2309
5.3973609,79.2005,16.114,601.16,8.3109,609.48,0,0.2297
5.4243477,79.2379,15.99,593.58,8.2849,601.86,0,0.2286
5.4514695,79.2736,15.867,586.09,8.2589,594.35,0,0.2274
5.4787268,79.308,15.746,578.7,8.2328,586.93,0,0.2263
5.5061205,79.3409,15.625,571.4,8.2067,579.61,0,0.2252
5.5336511,79.3725,15.505,564.2,8.1806,572.38,0,0.2241
5.5613193,79.4028,15.386,557.1,8.1544,565.25,0,0.2229
5.5891259,79.432,15.269,550.09,8.1282,558.22,0,0.2218
5.6170716,79.4599,15.152,543.17,8.102,551.27,0,0.2207
5.6451569,79.4867,15.036,536.34,8.0758,544.42,0,0.2196
5.6733827,79.5124,14.922,529.6,8.0495,537.65,0,0.2185
5.7017496,79.5371,14.808,522.95,8.0233,530.97,0,0.2174
5.7302584,79.5608,14.695,516.39,7.997,524.38,0,0.2164
5.7589096,79.5835,14.583,509.91,7.9707,517.88,0,0.2153
5.7877042,79.6052,14.473,503.52,7.9443,511.46,0,0.2142
5.8166427,79.626,14.363,497.21,7.918,505.12,0,0.2132
5.8457259,79.6459,14.254,490.98,7.8916,498.87,0,0.2121
5.8749546,79.665,14.146,484.84,7.8652,492.7,0,0.211
5.9043293,79.6832,14.039,478.77,7.8388,486.61,0,0.21
5.933851,79.7006,13.933,472.79,7.8124,480.6,0,0.2089
5.9635202,79.7173,13.827,466.89,7.786,474.67,0,0.2079
5.9933378,79.7332,13.723,461.06,7.7595,468.82,0,0.2069
6.0233045,79.7483,13.62,455.31,7.7331,463.04,0,0.2058
6.053421,79.7627,13.517,449.64,7.7066,457.34,0,0.2048
6.0836882,79.7765,13.416,444.04,7.6801,451.72,0,0.2038
6.1141066,79.7896,13.315,438.51,7.6536,446.17,0,0.2028
6.1446771,79.802,13.215,433.06,7.6271,440.69,0,0.2018
6.1754005,79.8138,13.116,427.68,7.6006,435.28,0,0.2008
6.2062775,79.825,13.018,422.37,7.5741,429.95,0,0.1998
6.2373089,79.8356,12.921,417.13,7.5476,424.68,0,0.1988
6.2684954,79.8457,12.825,411.96,7.5211,419.48,0,0.1978
6.2998379,79.8552,12.729,406.86,7.4946,414.36,0,0.1968
6.3313371,79.8642,12.635,401.83,7.468,409.3,0,0.1958
6.3629938,79.9627,12.54,396.84,7.4415,404.28,0,0.1949
6.3948088,79.9711,12.445,391.87,7.4149,399.28,0,0.1939
6.4267828,79.9787,12.351,386.96,7.3884,394.35,0,0.1929
6.4589167,79.9856,12.257,382.12,7.3619,389.48,0,0.192
6.4912113,79.9919,12.164,377.34,7.3353,384.68,0,0.191
6.5236674,79.9975,12.072,372.63,7.3088,379.93,0,0.1901
6.5562857,80.0026,11.981,367.97,7.2822,375.26,0,0.1891
6.5890671,80.007,11.891,363.38,7.2557,370.64,0,0.1882
6.6220125,80.0109,11.801,358.85,7.2292,366.08,0,0.1872
6.6551225,80.0142,11.713,354.38,7.2026,361.59,0,0.1863
6.6883981,80.017,11.625,349.97,7.1761,357.15,0,0.1854
6.7218401,80.0193,11.538,345.62,7.1496,352.77,0,0.1844
6.7554493,80.0211,11.451,341.32,7.1231,348.45,0,0.1835
6.7892266,80.0224,11.365,337.09,7.0965,344.18,0,0.1826
6.8231727,80.0232,11.281,332.9,7.07,339.97,0,0.1817
6.8572886,80.0236,11.196,328.78,7.0436,335.82,0,0.1808
6.891575,80.0235,11.113,324.7,7.0171,331.72,0,0.1799
6.9260329,80.023,11.03,320.68,6.9906,327.67,0,0.179
6.9606631,80.0221,10.948,316.72,6.9641,323.68,0,0.1781
6.9954664,80.0208,10.867,312.8,6.9377,319.74,0,0.1772
7.0304437,80.0192,10.787,308.94,6.9112,315.85,0,0.1764
7.0655959,80.0171,10.707,305.13,6.8848,312.02,0,0.1755
7.1009239,80.0147,10.628,301.37,6.8584,308.23,0,0.1746
7.1364285,80.0119,10.549,297.66,6.832,304.49,0,0.1737
7.1721107,80.0087,10.472,294,6.8056,300.8,0,0.1729
7.2079712,80.0053,10.395,290.38,6.7792,297.16,0,0.172
7.2440111,80.0015,10.318,286.81,6.7529,293.57,0,0.1712
7.2802311,79.9974,10.243,283.29,6.7265,290.02,0,0.1703
7.3166323,79.993,10.168,279.82,6.7002,286.52,0,0.1695
7.3532155,79.9883,10.093,276.39,6.6739,283.07,0,0.1686
7.3899815,79.9834,10.02,273.01,6.6476,279.66,0,0.1678
7.4269314,80.0187,9.9455,269.65,6.6213,276.27,0,0.1669
7.4640661,80.0134,9.8721,266.32,6.5951,272.92,0,0.1661
7.5013864,80.0077,9.7993,263.04,6.5689,269.61,0,0.1653
7.5388934,80.0016,9.7271,259.81,6.5427,266.35,0,0.1645
7.5765878,79.9953,9.6556,256.61,6.5165,263.13,0,0.1636
7.6144708,79.9885,9.5846,253.46,6.4903,259.95,0,0.1628
7.6525431,79.9815,9.5143,250.35,6.4642,256.81,0,0.162
7.6908058,79.9742,9.4446,247.28,6.4381,253.72,0,0.1612
7.7292599,79.9666,9.3754,244.25,6.412,250.66,0,0.1604
7.7679062,79.9587,9.3069,241.25,6.3859,247.64,0,0.1596
7.8067457,79.9505,9.2389,238.3,6.3599,244.66,0,0.1588
7.8457794,79.9421,9.1716,235.39,6.3339,241.72,0,0.158
7.8850083,79.9334,9.1048,232.51,6.3079,238.82,0,0.1572
7.9244334,79.9245,9.0385,229.67,6.282,235.95,0,0.1565
7.9640555,79.9153,8.9729,226.87,6.256,233.12,0,0.1557
8.0038758,79.9218,8.9077,224.1,6.2301,230.33,0,0.1549
8.0438952,79.9123,8.8427,221.36,6.2043,227.56,0,0.1541
8.0841147,79.9025,8.7783,218.65,6.1784,224.83,0,0.1534
8.1245352,79.8925,8.7144,215.98,6.1526,222.13,0,0.1526
8.1651579,79.8822,8.651,213.34,6.1269,219.47,0,0.1518
8.2059837,79.8717,8.5882,210.74,6.1011,216.84,0,0.1511
8.2470136,79.861,8.5259,208.17,6.0754,214.25,0,0.1503
8.2882487,79.8501,8.4638,205.62,6.0497,211.67,0,0.1496
8.3296899,79.839,8.4019,203.11,6.0241,209.13,0,0.1488
8.3713384,79.8277,8.3406,200.62,5.9985,206.62,0,0.1481
8.4131951,79.8163,8.2797,198.17,5.9729,204.14,0,0.1474
8.455261,79.8047,8.2194,195.74,5.9474,201.69,0,0.1466
8.4975373,79.7929,8.1596,193.35,5.9219,199.28,0,0.1459
8.540025,79.7811,8.1004,190.99,5.8964,196.89,0,0.1452
9.030794,79.8266,7.4409,165.91,5.6566,171.57,0,0.1373
9.653919,79.5165,6.6542,138.79,5.3284,144.12,0,0.1284
10.32004,79.0905,5.9606,116.3,5.0089,121.31,0,0.1201
11.03212,78.5285,5.3481,97.614,4.6992,102.31,0,0.1124
11.79334,77.7329,4.7928,81.833,4.3999,86.233,0,0.1051
12.60708,76.3493,4.2946,68.593,4.1119,72.705,0,0.09834
13.15023,74.2164,4.0092,61.391,3.9358,65.327,0,0.09428
13.35151,71.5534,3.9118,58.995,3.8736,62.869,0,0.09286
13.40518,68.4285,3.8865,58.379,3.8572,62.236,0,0.09249
13.47697,71.2647,9.9711,148.98,3.8356,152.82,0,0.092
13.48569,71.542,9.9601,148.72,3.8329,152.55,0,0.09194
13.68697,74.2949,9.7124,142.89,3.7732,146.66,0,0.09059
14.40688,76.5928,8.8901,124.25,3.5713,127.82,0,0.08606
15.40095,76.4559,7.917,103.51,3.3194,106.83,0,0.0805
15.63254,75.248,7.7141,99.364,3.2648,102.63,0,0.07931
15.69539,73.6894,7.6605,98.278,3.2502,101.53,0,0.07899
15.78966,75.2858,10.675,136.14,3.2285,139.37,0,0.07852
16.02532,76.6589,10.413,130.85,3.1753,134.03,0,0.07737
16.05975,76.7446,10.376,130.09,3.1677,133.26,0,0.0772
16.30556,76.793,10.113,124.88,3.1138,127.99,0,0.07604
16.37111,76.1419,10.044,123.54,3.0997,126.64,0,0.07573
16.46362,77.0952,11.524,140.95,3.08,144.03,0,0.07531
16.46944,77.1442,11.518,140.82,3.0788,143.9,0,0.07528
16.71525,78.2901,11.259,135.63,3.0273,138.66,0,0.07417
17.59961,80.0284,10.396,118.95,2.8532,121.8,0,0.07045
18.81398,81.2193,9.3528,100.1,2.6389,102.74,0,0.0659
20.11215,81.9554,8.4136,84.236,2.437,86.673,0,0.06165
21.49988,82.4469,7.5653,70.854,2.2473,73.101,0,0.05767
22.98338,82.7776,6.8012,59.586,2.0695,61.656,0,0.05395
24.56923,83.002,6.1175,50.137,1.9033,52.04,0,0.05046
26.2645,83.1578,5.506,42.212,1.7484,43.96,0,0.04721
28.07676,83.3329,4.9197,35.283,1.6043,36.887,0,0.04416
30.01405,83.3697,4.3877,29.436,1.4705,30.906,0,0.04131
32.08502,83.4019,3.9147,24.568,1.3467,25.915,0,0.03864
34.29889,83.3971,3.4839,20.453,1.2323,21.685,0,0.03615
36.66551,83.3394,3.1,17.025,1.1269,18.152,0,0.03381
39.19543,83.2653,2.7606,14.182,1.0299,15.212,0,0.03163
41.89992,83.1805,2.4602,11.823,0.94091,12.764,0,0.02959
44.79101,83.0883,2.1941,9.8638,0.85935,10.723,0,0.02768
47.88159,82.9909,1.9583,8.2354,0.78476,9.0202,0,0.02589
51.18542,82.8892,1.7492,6.8811,0.71667,7.5978,0,0.02422
54.71721,82.783,1.5635,5.7538,0.65462,6.4084,0,0.02266
58.4927,82.6715,1.3982,4.8133,0.59818,5.4115,0,0.0212
62.5287,82.5504,1.2486,4.0207,0.5469,4.5676,0,0.01983
66.84318,82.4143,1.116,3.3618,0.50039,3.8622,0,0.01855
71.45536,82.2538,0.99662,2.8085,0.45825,3.2668,0,0.01735
76.38578,82.0458,0.8876,2.3398,0.42013,2.7599,0,0.01623
81.6564,81.7328,0.78887,1.9453,0.38568,2.331,0,0.01518
87.29069,81.0362,0.69733,1.6086,0.35457,1.9632,0,0.0142
88.71538,80.6187,0.67685,1.5363,0.34749,1.8838,0,0.01398
90.07327,79.5832,0.6582,1.4714,0.34101,1.8124,0,0.01376
90.43538,78.3443,0.65336,1.4548,0.33932,1.7941,0,0.01371
90.97853,79.6356,3.0842,6.8261,0.33682,7.1629,5.396,0.01363
92.33642,80.7647,3.0142,6.573,0.33074,6.9037,5.202,0.01343
93.31374,81.1246,2.9652,6.3986,0.3265,6.7251,5.067,0.01329
99.75239,82.1272,2.6704,5.3905,0.30119,5.6917,4.288,0.01243
106.6353,82.565,2.4016,4.5349,0.27838,4.8133,3.621,0.01163
113.9931,82.8245,2.157,3.8102,0.25783,4.068,3.053,0.01088
121.8587,82.9931,1.9366,3.2001,0.23932,3.4394,2.572,0.01017
130.2669,83.1076,1.7377,2.6861,0.22263,2.9087,2.164,0.009518
139.2553,83.1841,1.5569,2.2512,0.20758,2.4588,1.818,0.008903
148.864,83.234,1.3948,1.8866,0.19401,2.0806,1.526,0.008329
159.1356,83.2652,1.2495,1.5811,0.18175,1.7628,1.281,0.007791
170.1159,83.2831,1.1195,1.3251,0.17066,1.4958,1.075,0.007288
181.8539,83.2912,1.003,1.1106,0.16061,1.2712,0.9026,0.006818
194.4018,83.2924,0.89864,0.93081,0.15149,1.0823,0.7574,0.006378
207.8156,83.2882,0.805,0.78,0.14319,0.92319,0.6354,0.005966
222.1548,83.2803,0.7212,0.65369,0.13563,0.78932,0.533,0.005581
237.4835,83.2698,0.64618,0.54789,0.1287,0.67659,0.4472,0.005221
253.8699,83.2575,0.57903,0.45927,0.12235,0.58162,0.3751,0.004884
271.3869,83.2441,0.51891,0.38502,0.1165,0.50152,0.3147,0.004569
290.1126,83.2301,0.46508,0.3228,0.11109,0.43389,0.264,0.004274
310.1304,83.2159,0.41687,0.27066,0.10607,0.37673,0.2215,0.003998
331.5294,83.2018,0.37369,0.22697,0.1014,0.32837,0.1858,0.00374
354.4049,83.1879,0.33502,0.19034,0.09703,0.28737,0.1559,0.003498
378.8588,83.1744,0.30037,0.15964,0.09293,0.25257,0.1307,0.003273
405.0001,83.1615,0.26933,0.1339,0.089067,0.22297,0.1097,0.003061
432.9451,83.1491,0.24151,0.11232,0.085414,0.19773,0.09201,0.002864
